{
  "ema": 0.4607112778756046,
  "conviction": 0.518065457573885,
  "audits": 340,
  "last_score": 0.6
}