{
  "ema": 0.472038752477007,
  "conviction": 0.5247286779276512,
  "audits": 104,
  "last_score": 0.6
}